<manifest version="1.0" type="device">
    <hal format="hidl">
        <name>android.hardware.usb</name>
        <transport>hwbinder</transport>
        <version>1.3</version>
        <interface>
            <name>IUsb</name>
            <instance>default</instance>
        </interface>
    </hal>
     <hal format="hidl">
         <name>android.hardware.usb.gadget</name>
         <transport>hwbinder</transport>
         <version>1.1</version>
         <interface>
             <name>IUsbGadget</name>
             <instance>default</instance>
         </interface>
     </hal>
</manifest>

