<?xml version="1.0" encoding="UTF-8"?>
<SCNTABLE>
    <scenario powerhint="LAUNCH">
        <data cmd="PERF_RES_CPUFREQ_MIN_CLUSTER_0" param1="3000000"></data>
        <data cmd="PERF_RES_CPUFREQ_MIN_CLUSTER_1" param1="3000000"></data>
        <data cmd="PERF_RES_SCHED_BOOST" param1="3"></data>
        <data cmd="PERF_RES_DRAM_OPP_MIN" param1="1"></data>
        <data cmd="PERF_RES_SCHED_UCLAMP_MIN_TA" param1="100"></data>
        <data cmd="PERF_RES_PERF_TASK_TURBO" param1="15"></data>
        <data cmd="PERF_RES_SCHED_CACHE_PART_CTRL" param1="1"></data>
    </scenario>
    <scenario powerhint="INTERACTION">
        <data cmd="PERF_RES_CPUFREQ_MIN_CLUSTER_0" param1="1075000"></data>
        <data cmd="PERF_RES_CPUFREQ_MIN_CLUSTER_1" param1="1162000"></data>
        <data cmd="PERF_RES_CPUFREQ_MAX_CLUSTER_0" param1="3000000"></data>
        <data cmd="PERF_RES_CPUFREQ_MAX_CLUSTER_1" param1="3000000"></data>
        <data cmd="PERF_RES_SCHED_UCLAMP_MIN_TA" param1="50"></data>
        <data cmd="PERF_RES_POWERHAL_TOUCH_BOOST_DURATION" param1="100000"></data>
        <data cmd="PERF_RES_POWERHAL_TOUCH_BOOST_EAS_BOOST" param1="50"></data>
        <data cmd="PERF_RES_POWERHAL_TOUCH_BOOST_NOTIFY_FBC" param1="1"></data>
        <data cmd="PERF_RES_CPUFREQ_CCI_FREQ" param1="1"></data>
        <data cmd="PERF_RES_DRAM_OPP_MIN" param1="0"></data>
    </scenario>
    <scenario powerhint="EXPENSIVE_RENDERING">
        <data cmd="PERF_RES_CPUFREQ_MIN_CLUSTER_0" param1="2000000"></data>
        <data cmd="PERF_RES_CPUFREQ_MIN_CLUSTER_1" param1="2850000"></data>
        <data cmd="PERF_RES_DRAM_OPP_MIN" param1="1"></data>
        <data cmd="PERF_RES_SCHED_UCLAMP_MIN_TA" param1="50"></data>
        <data cmd="PERF_RES_GPU_FREQ_MIN" param1="38"></data>
        <data cmd="PERF_RES_GPU_GED_TIMER_BASE_DVFS_MARGIN" param1="50"></data>
        <data cmd="PERF_RES_GPU_GED_LOADING_BASE_DVFS_STEP" param1="15"></data>
    </scenario>
</SCNTABLE>
